{
  "ext/fragment/Comments.js": 1710911106456,
  "ext/fragment/Attachements.js": 1711348205469,
  "ext/fragment/WorkflowHistory.js": 1711100547880,
  "ext/fragment/Noti.js": 1711513171822,
  "i18n/i18n.properties": 1711006192599,
  "manifest.json": 1711529050912,
  "ext/controller/RevertBack.js": 1711083960806,
  "ext/controller/Resolve.js": 1711106959862,
  "ext/controller/ListController.controller.js": 1711453454753,
  "ext/controller/FurtherAssign.js": 1711523521234,
  "ext/controller/Complainsobjpage.controller.js": 1711520888037,
  "Component.js": 1710755154924,
  "Component-preload.js": 1711529051328,
  "ext/fragment/Attachements-dbg.js": 1711348205469,
  "ext/fragment/Noti-dbg.js": 1711513171822,
  "ext/fragment/Comments-dbg.js": 1710911106456,
  "ext/fragment/WorkflowHistory-dbg.js": 1711100547880,
  "ext/controller/RevertBack-dbg.js": 1711083960806,
  "ext/controller/Resolve-dbg.js": 1711106959862,
  "ext/controller/ListController-dbg.controller.js": 1711453454753,
  "ext/controller/FurtherAssign-dbg.js": 1711523521234,
  "ext/controller/Complainsobjpage-dbg.controller.js": 1711520888037,
  "Component-dbg.js": 1710755154924,
  "ext/fragment/WorkflowHistory.fragment.xml": 1711513271004,
  "ext/fragment/Noti.fragment.xml": 1711519092420,
  "ext/fragment/Comments.fragment.xml": 1710845492718,
  "ext/fragment/Attachements.fragment.xml": 1710926025231,
  "css/style.css": 1711520561123,
  "index.html": 1710755154924
}