<core:FragmentDefinition xmlns:core="sap.ui.core" xmlns="sap.m" xmlns:macros="sap.fe.macros">
	<VBox id = "mainvbox" class = "customVbox">
        <Label id= "sv" text="Selected Vendor Code:"/>
        <Text id="vencode"  class = "vencode" text="Value" />
        <Label id= "sp" text="Selected PO Number is:"/>
        <Text id="pono" class = "pono" text="Value"/>
        <Label id= "ci" text="Complain is about:"/>
        <Select id="ordr" >
            <core:Item id= "dp" text="Delay in Payment"/>
            <core:Item id= "wp"  text="Wrong Payment"/>
            <core:Item id= "tdsi"  text="TDS issue"/>
            <core:Item id= "gsti" text="GST issue"/>
            <core:Item id= "others" text="Others"/>
        </Select>
        <Label id = "desccomp" text="Describe your Complain:"/>
        <TextArea id = "textcomp" width = "100%" height = "130px"/>

		<!-- <Button core:require="{ handler: 'project1/ext/fragment/Complaint'}" text="Complaint" press="handler.onPress" /> -->
	</VBox>
</core:FragmentDefinition>