{
  "ext/controller/Complainsobjpage-dbg.controller.js": 1713787683486,
  "ext/fragment/Attachements.js": 1711348205469,
  "ext/fragment/WorkflowHistory.js": 1712555934494,
  "ext/fragment/Noti.js": 1711513171822,
  "ext/fragment/Comments.js": 1712564074204,
  "manifest.json": 1714979564343,
  "ext/controller/RevertBack.js": 1712731106833,
  "ext/controller/Resolve.js": 1712566959928,
  "ext/controller/ListController.controller.js": 1713787625635,
  "ext/controller/FurtherAssign.js": 1712742239603,
  "ext/controller/Complainsobjpage.controller.js": 1713787683486,
  "Component.js": 1710755154924,
  "Component-preload.js": 1714979564776,
  "i18n/i18n.properties": 1712118881852,
  "ext/fragment/Noti-dbg.js": 1711513171822,
  "ext/fragment/Comments-dbg.js": 1712564074204,
  "ext/fragment/Attachements-dbg.js": 1711348205469,
  "ext/controller/RevertBack-dbg.js": 1712731106833,
  "ext/controller/Resolve-dbg.js": 1712566959928,
  "ext/controller/ListController-dbg.controller.js": 1713787625635,
  "ext/controller/FurtherAssign-dbg.js": 1712742239603,
  "ext/fragment/WorkflowHistory-dbg.js": 1712555934494,
  "Component-dbg.js": 1710755154924,
  "ext/fragment/WorkflowHistory.fragment.xml": 1712733456007,
  "ext/fragment/Noti.fragment.xml": 1711519092420,
  "ext/fragment/Comments.fragment.xml": 1712561650935,
  "ext/fragment/Attachements.fragment.xml": 1710926025231,
  "css/style.css": 1712561497039,
  "index.html": 1710755154924
}