{
  "ext/controller/Objcomplaint.controller.js": 1711529738589,
  "ext/fragment/Revattachments.js": 1711348156378,
  "manifest.json": 1714979559630,
  "ext/fragment/Comps.js": 1710914344757,
  "ext/fragment/Complain.js": 1710913869893,
  "ext/fragment/Attachement.js": 1710746201746,
  "ext/controller/Submit.js": 1713873773292,
  "ext/controller/Revsumbit.js": 1711083330566,
  "i18n/i18n.properties": 1710745400848,
  "ext/controller/Complaint.controller.js": 1711537641618,
  "Component.js": 1710745385605,
  "Component-preload.js": 1714979560066,
  "ext/controller/Complaint-dbg.controller.js": 1711537641618,
  "ext/fragment/Comps-dbg.js": 1710914344757,
  "ext/fragment/Complain-dbg.js": 1710913869893,
  "ext/fragment/Attachement-dbg.js": 1710746201746,
  "ext/controller/Submit-dbg.js": 1713873773292,
  "ext/controller/Revsumbit-dbg.js": 1711083330566,
  "ext/controller/Objcomplaint-dbg.controller.js": 1711529738589,
  "ext/fragment/Revattachments-dbg.js": 1711348156378,
  "Component-dbg.js": 1710745385605,
  "ext/fragment/Revattachments.fragment.xml": 1710995051142,
  "ext/fragment/Comps.fragment.xml": 1710925372781,
  "ext/fragment/Complain.fragment.xml": 1710930053074,
  "ext/fragment/Attachement.fragment.xml": 1710926042151,
  "css/style.css": 1711083288791,
  "index.html": 1710745385605
}